{
    "goodsList": [
        {
            "goodsId": "0001",
            "goodsName": "小米8 青春版",
            "goodsBrief": "潮流镜面渐变色，自拍旗舰",
            "goodsImg": "mi8.webp",
            "goodsPrice": "1399"
        },
        {
            "goodsId": "0003",
            "goodsName": "小米8 屏幕指纹版",
            "goodsBrief": "压感屏幕指纹，潮流外观",
            "goodsImg": "mi8-2.webp",
            "goodsPrice": "3199"
        },
        {
            "goodsId": "0006",
            "goodsName": "九号平衡车",
            "goodsBrief": "年轻人的酷玩具",
            "goodsImg": "bike.webp",
            "goodsPrice": "1999"
        },
        {
            "goodsId": "0007",
            "goodsName": "Amazfit Cor手环",
            "goodsBrief": "彩色IPS触摸屏，50米游泳防水",
            "goodsImg": "watch.webp",
            "goodsPrice": "299"
        },
        {
            "goodsId": "0009",
            "goodsName": "小米电视4A 43英寸",
            "goodsBrief": "全高清 HDR，64位处理器",
            "goodsImg": "tv4a-43.webp",
            "goodsPrice": "1599"
        },
        {
            "goodsId": "0010",
            "goodsName": "小米电视4C 55英寸",
            "goodsBrief": "4K HDR 人工智能系统",
            "goodsImg": "tv4c-55.webp",
            "goodsPrice": "2699"
        }
    ]
}